{"cameraMode":{"drawMode":0,"name":"Shaded","section":"Shading Mode"},"sceneLighting":true,"audioPlay":false,"sceneViewState":{"m_AlwaysRefresh":false,"showFog":true,"showSkybox":true,"showFlares":true,"showImageEffects":true,"showParticleSystems":true,"showVisualEffectGraphs":true,"m_FxEnabled":true},"in2DMode":false,"pivot":{"x":-5.337698936462402,"y":-2.6221468448638918,"z":-18.09741973876953},"rotation":{"x":-0.005504847504198551,"y":-0.9936440587043762,"z":0.09749969094991684,"w":-0.056093569844961169},"size":13.581060409545899,"orthographic":false}