{"cameraMode":{"drawMode":0,"name":"Shaded","section":"Shading Mode"},"sceneLighting":true,"audioPlay":false,"sceneViewState":{"m_AlwaysRefresh":false,"showFog":true,"showSkybox":true,"showFlares":true,"showImageEffects":true,"showParticleSystems":true,"showVisualEffectGraphs":true,"m_FxEnabled":true},"in2DMode":false,"pivot":{"x":10.713066101074219,"y":-1.6636343002319337,"z":-16.470535278320314},"rotation":{"x":-0.005504847504198551,"y":-0.9936440587043762,"z":0.09749969094991684,"w":-0.056093569844961169},"size":27.46592903137207,"orthographic":false}