{"cameraMode":{"drawMode":0,"name":"Shaded","section":"Shading Mode"},"sceneLighting":true,"audioPlay":false,"sceneViewState":{"m_AlwaysRefresh":false,"showFog":true,"showSkybox":true,"showFlares":true,"showImageEffects":true,"showParticleSystems":true,"showVisualEffectGraphs":true,"m_FxEnabled":true},"in2DMode":false,"pivot":{"x":14.827695846557618,"y":-1.6997511386871338,"z":-6.232375144958496},"rotation":{"x":-0.038516923785209659,"y":-0.8759709000587463,"z":0.07094138860702515,"w":-0.47558361291885378},"size":17.907718658447267,"orthographic":false}